{
  "Version": 3,
  "Meta": {
    "Duration": 3.0,
    "Fps": 60.0,
    "Loop": true,
    "AreBeziersRestricted": true,
    "CurveCount": 155,
    "TotalSegmentCount": 414,
    "TotalPointCount": 818,
    "UserDataCount": 0,
    "TotalUserDataSize": 0
  },
  "Curves": [
    {
      "Target": "Parameter",
      "Id": "ParamKanade",
      "Segments": [
        0,
        0,
        2,
        1.05,
        0,
        0,
        1.633,
        1,
        2,
        3,
        1
      ]
    },
    {
      "Target": "Parameter",
      "Id": "Param2Kanade",
      "Segments": [
        0,
        0.042,
        2,
        1.017,
        0.042,
        0,
        1.517,
        0,
        2,
        3,
        0
      ]
    },
    {
      "Target": "Parameter",
      "Id": "Param4Kanade",
      "Segments": [
        0,
        0,
        1,
        1,
        1,
        2,
        2,
        3,
        3
      ]
    },
    {
      "Target": "Parameter",
      "Id": "Param5Kanade",
      "Segments": [
        0,
        -0.3,
        0,
        1.45,
        0.6,
        0,
        3,
        -0.3
      ]
    },
    {
      "Target": "Parameter",
      "Id": "Param6Kanade",
      "Segments": [
        0,
        0,
        1,
        0.256,
        -0.22,
        0.511,
        -0.4,
        0.767,
        -0.4,
        0,
        2.133,
        0.4,
        1,
        2.422,
        0.4,
        2.711,
        0.241,
        3,
        0
      ]
    },
    {
      "Target": "Parameter",
      "Id": "Param7Kanade",
      "Segments": [
        0,
        0,
        1,
        0.267,
        -0.316,
        0.533,
        -0.5,
        0.8,
        -0.5,
        0,
        2.133,
        0.5,
        1,
        2.422,
        0.5,
        2.711,
        0.318,
        3,
        0
      ]
    },
    {
      "Target": "Parameter",
      "Id": "Param8Kanade",
      "Segments": [
        0,
        0.3,
        0,
        1.467,
        -0.6,
        0,
        3,
        0.3
      ]
    },
    {
      "Target": "Parameter",
      "Id": "Param9Kanade",
      "Segments": [
        0,
        0,
        1,
        0.256,
        -0.239,
        0.511,
        -0.4,
        0.767,
        -0.4,
        0,
        2.133,
        0.4,
        1,
        2.422,
        0.4,
        2.711,
        0.269,
        3,
        0
      ]
    },
    {
      "Target": "Parameter",
      "Id": "Param10Kanade",
      "Segments": [
        0,
        0.2,
        0,
        1.483,
        -0.4,
        0,
        3,
        0.2
      ]
    },
    {
      "Target": "Parameter",
      "Id": "Param11Kanade",
      "Segments": [
        0,
        -0.01,
        1,
        0.294,
        0.167,
        0.589,
        0.3,
        0.883,
        0.3,
        0,
        2.233,
        -0.2,
        1,
        2.489,
        -0.2,
        2.744,
        -0.14,
        3,
        -0.01
      ]
    },
    {
      "Target": "Parameter",
      "Id": "Param12Kanade",
      "Segments": [
        0,
        -0.023,
        1,
        0.306,
        0.172,
        0.611,
        0.3,
        0.917,
        0.3,
        0,
        2.267,
        -0.3,
        1,
        2.511,
        -0.3,
        2.756,
        -0.174,
        3,
        -0.023
      ]
    },
    {
      "Target": "Parameter",
      "Id": "Param14Kanade",
      "Segments": [
        0,
        0,
        1,
        0.272,
        -0.245,
        0.545,
        -0.3,
        0.817,
        -0.3,
        0,
        2.117,
        0.5,
        1,
        2.411,
        0.5,
        2.706,
        0.281,
        3,
        0
      ]
    },
    {
      "Target": "Parameter",
      "Id": "Param13Kanade",
      "Segments": [
        0,
        0.126,
        1,
        0.328,
        -0.227,
        0.655,
        -0.4,
        0.983,
        -0.4,
        0,
        2.25,
        0.5,
        1,
        2.5,
        0.5,
        2.75,
        0.372,
        3,
        0.126
      ]
    },
    {
      "Target": "Parameter",
      "Id": "Param15Kanade",
      "Segments": [
        0,
        0.287,
        1,
        0.044,
        0.299,
        0.089,
        0.3,
        0.133,
        0.3,
        0,
        1.6,
        -0.3,
        1,
        2.067,
        -0.3,
        2.533,
        0.164,
        3,
        0.287
      ]
    },
    {
      "Target": "Parameter",
      "Id": "Param16Kanade",
      "Segments": [
        0,
        0.287,
        1,
        0.044,
        0.299,
        0.089,
        0.3,
        0.133,
        0.3,
        0,
        1.6,
        -0.3,
        1,
        2.067,
        -0.3,
        2.533,
        0.162,
        3,
        0.287
      ]
    },
    {
      "Target": "Parameter",
      "Id": "Param17Kanade",
      "Segments": [
        0,
        0,
        0,
        1.467,
        1,
        0,
        3,
        0
      ]
    },
    {
      "Target": "Parameter",
      "Id": "Param18Kanade",
      "Segments": [
        0,
        0,
        1,
        0.278,
        -0.327,
        0.555,
        -0.5,
        0.833,
        -0.5,
        0,
        2.2,
        0.5,
        1,
        2.467,
        0.5,
        2.733,
        0.301,
        3,
        0
      ]
    },
    {
      "Target": "Parameter",
      "Id": "Param19Kanade",
      "Segments": [
        0,
        0.008,
        1,
        0.044,
        -0.001,
        0.089,
        0,
        0.133,
        0,
        0,
        1.583,
        0.4,
        1,
        2.055,
        0.4,
        2.528,
        0.179,
        3,
        0.008
      ]
    },
    {
      "Target": "Parameter",
      "Id": "Param3Kohane",
      "Segments": [
        0,
        0,
        2,
        0.85,
        0,
        0,
        1.4,
        1,
        2,
        3,
        1
      ]
    },
    {
      "Target": "Parameter",
      "Id": "ParamKohane",
      "Segments": [
        0,
        0.076,
        2,
        0.817,
        0.076,
        1,
        0.972,
        0.076,
        1.128,
        0.018,
        1.283,
        0.004,
        1,
        1.355,
        -0.003,
        1.428,
        0,
        1.5,
        0,
        2,
        3,
        0
      ]
    },
    {
      "Target": "Parameter",
      "Id": "Param4Kohane",
      "Segments": [
        0,
        0,
        0,
        1.383,
        0.6,
        0,
        3,
        0
      ]
    },
    {
      "Target": "Parameter",
      "Id": "Param5Kohane",
      "Segments": [
        0,
        0,
        1,
        0.256,
        -0.323,
        0.511,
        -0.4,
        0.767,
        -0.4,
        0,
        2.117,
        0.5,
        1,
        2.411,
        0.5,
        2.706,
        0.341,
        3,
        0
      ]
    },
    {
      "Target": "Parameter",
      "Id": "Param6Kohane",
      "Segments": [
        0,
        0,
        0,
        1.383,
        0.9,
        0,
        3,
        0
      ]
    },
    {
      "Target": "Parameter",
      "Id": "Param7Kohane",
      "Segments": [
        0,
        0,
        1,
        0.256,
        -0.184,
        0.511,
        -0.2,
        0.767,
        -0.2,
        0,
        2.083,
        0.5,
        1,
        2.389,
        0.5,
        2.694,
        0.227,
        3,
        0
      ]
    },
    {
      "Target": "Parameter",
      "Id": "Param8Kohane",
      "Segments": [
        0,
        -0.231,
        1,
        0.05,
        -0.285,
        0.1,
        -0.3,
        0.15,
        -0.3,
        0,
        1.533,
        0.7,
        1,
        2.022,
        0.7,
        2.511,
        0.248,
        3,
        -0.231
      ]
    },
    {
      "Target": "Parameter",
      "Id": "Param10Kohane",
      "Segments": [
        0,
        0.08,
        1,
        0.317,
        -0.205,
        0.633,
        -0.4,
        0.95,
        -0.4,
        0,
        2.317,
        0.4,
        1,
        2.545,
        0.4,
        2.772,
        0.268,
        3,
        0.08
      ]
    },
    {
      "Target": "Parameter",
      "Id": "Param11Kohane",
      "Segments": [
        0,
        0.092,
        1,
        0.328,
        -0.211,
        0.655,
        -0.4,
        0.983,
        -0.4,
        0,
        2.35,
        0.4,
        1,
        2.567,
        0.4,
        2.783,
        0.266,
        3,
        0.092
      ]
    },
    {
      "Target": "Parameter",
      "Id": "Param9Kohane",
      "Segments": [
        0,
        -0.231,
        1,
        0.05,
        -0.29,
        0.1,
        -0.3,
        0.15,
        -0.3,
        0,
        1.533,
        0.7,
        1,
        2.022,
        0.7,
        2.511,
        0.294,
        3,
        -0.231
      ]
    },
    {
      "Target": "Parameter",
      "Id": "Param12Kohane",
      "Segments": [
        0,
        0.08,
        1,
        0.317,
        -0.25,
        0.633,
        -0.4,
        0.95,
        -0.4,
        0,
        2.317,
        0.4,
        1,
        2.545,
        0.4,
        2.772,
        0.297,
        3,
        0.08
      ]
    },
    {
      "Target": "Parameter",
      "Id": "Param13Kohane",
      "Segments": [
        0,
        0,
        0,
        1.483,
        0.4,
        0,
        3,
        0
      ]
    },
    {
      "Target": "Parameter",
      "Id": "Param14Kohane",
      "Segments": [
        0,
        0,
        1,
        0.244,
        -0.23,
        0.489,
        -0.3,
        0.733,
        -0.3,
        0,
        2.15,
        0.4,
        1,
        2.433,
        0.4,
        2.717,
        0.242,
        3,
        0
      ]
    },
    {
      "Target": "Parameter",
      "Id": "Param15Kohane",
      "Segments": [
        0,
        0,
        1,
        0.278,
        -0.301,
        0.555,
        -0.5,
        0.833,
        -0.5,
        0,
        2.2,
        0.5,
        1,
        2.467,
        0.5,
        2.733,
        0.285,
        3,
        0
      ]
    },
    {
      "Target": "Parameter",
      "Id": "Param16Kohane",
      "Segments": [
        0,
        -0.3,
        0,
        1.5,
        0.6,
        0,
        3,
        -0.3
      ]
    },
    {
      "Target": "Parameter",
      "Id": "Param17Kohane",
      "Segments": [
        0,
        0,
        1,
        0.294,
        -0.26,
        0.589,
        -0.4,
        0.883,
        -0.4,
        0,
        2.2,
        0.4,
        1,
        2.467,
        0.4,
        2.733,
        0.228,
        3,
        0
      ]
    },
    {
      "Target": "Parameter",
      "Id": "Param18Kohane",
      "Segments": [
        0,
        0,
        0,
        1.45,
        1,
        0,
        3,
        0
      ]
    },
    {
      "Target": "Parameter",
      "Id": "Param19Kohane",
      "Segments": [
        0,
        0,
        1,
        0.267,
        -0.176,
        0.533,
        -0.3,
        0.8,
        -0.3,
        0,
        2.167,
        0.3,
        1,
        2.445,
        0.3,
        2.722,
        0.172,
        3,
        0
      ]
    },
    {
      "Target": "Parameter",
      "Id": "Param3Miku",
      "Segments": [
        0,
        0,
        2,
        1.917,
        0,
        0,
        2.667,
        1,
        2,
        3,
        1
      ]
    },
    {
      "Target": "Parameter",
      "Id": "ParamMiku",
      "Segments": [
        0,
        0.046,
        2,
        1.883,
        0.046,
        1,
        2.039,
        0.046,
        2.194,
        0.034,
        2.35,
        0.02,
        1,
        2.517,
        0.005,
        2.683,
        0,
        2.85,
        0,
        2,
        3,
        0
      ]
    },
    {
      "Target": "Parameter",
      "Id": "Param4Miku",
      "Segments": [
        0,
        0,
        0,
        1.367,
        1,
        0,
        3,
        0
      ]
    },
    {
      "Target": "Parameter",
      "Id": "Param5Miku",
      "Segments": [
        0,
        0,
        1,
        0.244,
        -0.232,
        0.489,
        -0.4,
        0.733,
        -0.4,
        0,
        2.05,
        0.4,
        1,
        2.367,
        0.4,
        2.683,
        0.287,
        3,
        0
      ]
    },
    {
      "Target": "Parameter",
      "Id": "Param6Miku",
      "Segments": [
        0,
        0,
        0,
        1.367,
        0.6,
        0,
        3,
        0
      ]
    },
    {
      "Target": "Parameter",
      "Id": "Param7Miku",
      "Segments": [
        0,
        0,
        1,
        0.244,
        -0.227,
        0.489,
        -0.4,
        0.733,
        -0.4,
        0,
        2.05,
        0.4,
        1,
        2.367,
        0.4,
        2.683,
        0.249,
        3,
        0
      ]
    },
    {
      "Target": "Parameter",
      "Id": "Param8Miku",
      "Segments": [
        0,
        -0.295,
        1,
        0.022,
        -0.302,
        0.045,
        -0.3,
        0.067,
        -0.3,
        0,
        1.433,
        0.8,
        1,
        1.955,
        0.8,
        2.478,
        -0.232,
        3,
        -0.295
      ]
    },
    {
      "Target": "Parameter",
      "Id": "Param9Miku",
      "Segments": [
        0,
        0.01,
        1,
        0.267,
        -0.177,
        0.533,
        -0.2,
        0.8,
        -0.2,
        0,
        2.117,
        0.7,
        1,
        2.411,
        0.7,
        2.706,
        0.231,
        3,
        0.01
      ]
    },
    {
      "Target": "Parameter",
      "Id": "Param10Miku",
      "Segments": [
        0,
        -0.2,
        0,
        1.367,
        0.4,
        0,
        3,
        -0.2
      ]
    },
    {
      "Target": "Parameter",
      "Id": "Param20Miku",
      "Segments": [
        0,
        0.103,
        1,
        0.3,
        -0.279,
        0.6,
        -0.4,
        0.9,
        -0.4,
        0,
        2.183,
        0.4,
        1,
        2.455,
        0.4,
        2.728,
        0.398,
        3,
        0.103
      ]
    },
    {
      "Target": "Parameter",
      "Id": "Param21Miku",
      "Segments": [
        0,
        0,
        1,
        0.256,
        -0.319,
        0.511,
        -0.6,
        0.767,
        -0.6,
        0,
        2.05,
        0.4,
        1,
        2.367,
        0.4,
        2.683,
        0.358,
        3,
        0
      ]
    },
    {
      "Target": "Parameter",
      "Id": "Param22Miku",
      "Segments": [
        0,
        0.136,
        1,
        0.322,
        -0.165,
        0.645,
        -0.4,
        0.967,
        -0.4,
        0,
        2.25,
        0.4,
        1,
        2.5,
        0.4,
        2.75,
        0.354,
        3,
        0.136
      ]
    },
    {
      "Target": "Parameter",
      "Id": "Param11Miku",
      "Segments": [
        0,
        -0.2,
        0,
        1.367,
        0.4,
        0,
        3,
        -0.2
      ]
    },
    {
      "Target": "Parameter",
      "Id": "Param23Miku",
      "Segments": [
        0,
        0.117,
        1,
        0.306,
        -0.175,
        0.611,
        -0.4,
        0.917,
        -0.4,
        0,
        2.2,
        0.4,
        1,
        2.467,
        0.4,
        2.733,
        0.351,
        3,
        0.117
      ]
    },
    {
      "Target": "Parameter",
      "Id": "Param12Miku",
      "Segments": [
        0,
        0,
        0,
        1.417,
        1,
        0,
        3,
        0
      ]
    },
    {
      "Target": "Parameter",
      "Id": "Param13Miku",
      "Segments": [
        0,
        0,
        1,
        0.261,
        -0.285,
        0.522,
        -0.4,
        0.783,
        -0.4,
        0,
        2.15,
        0.4,
        1,
        2.433,
        0.4,
        2.717,
        0.289,
        3,
        0
      ]
    },
    {
      "Target": "Parameter",
      "Id": "Param18Miku",
      "Segments": [
        0,
        0,
        1,
        0.278,
        -0.247,
        0.555,
        -0.4,
        0.833,
        -0.4,
        0,
        2.083,
        0.4,
        1,
        2.389,
        0.4,
        2.694,
        0.275,
        3,
        0
      ]
    },
    {
      "Target": "Parameter",
      "Id": "Param19Miku",
      "Segments": [
        0,
        0.3,
        0,
        1.45,
        -0.4,
        0,
        3,
        0.3
      ]
    },
    {
      "Target": "Parameter",
      "Id": "Param14Miku",
      "Segments": [
        0,
        0,
        0,
        1.417,
        0.8,
        0,
        3,
        0
      ]
    },
    {
      "Target": "Parameter",
      "Id": "Param15Miku",
      "Segments": [
        0,
        0,
        1,
        0.239,
        -0.159,
        0.478,
        -0.2,
        0.717,
        -0.2,
        0,
        2.133,
        0.3,
        1,
        2.422,
        0.3,
        2.711,
        0.206,
        3,
        0
      ]
    },
    {
      "Target": "Parameter",
      "Id": "Param17Miku",
      "Segments": [
        0,
        0,
        0,
        1.45,
        1,
        0,
        3,
        0
      ]
    },
    {
      "Target": "Parameter",
      "Id": "Param16Miku",
      "Segments": [
        0,
        0,
        0,
        1.45,
        1,
        0,
        3,
        0
      ]
    },
    {
      "Target": "Parameter",
      "Id": "Param3Ichika",
      "Segments": [
        0,
        0,
        2,
        0.65,
        0,
        0,
        0.95,
        1,
        2,
        3,
        1
      ]
    },
    {
      "Target": "Parameter",
      "Id": "ParamIchika",
      "Segments": [
        0,
        0.134,
        2,
        0.617,
        0.134,
        1,
        0.717,
        0.134,
        0.817,
        0.041,
        0.917,
        0.032,
        1,
        1.234,
        0.005,
        1.55,
        0,
        1.867,
        0,
        2,
        3,
        0
      ]
    },
    {
      "Target": "Parameter",
      "Id": "Param4Ichika",
      "Segments": [
        0,
        0,
        1,
        1,
        1,
        2,
        2,
        3,
        3
      ]
    },
    {
      "Target": "Parameter",
      "Id": "Param16Ichika",
      "Segments": [
        0,
        0,
        1,
        0.283,
        -0.314,
        0.567,
        -0.5,
        0.85,
        -0.5,
        0,
        2.067,
        0.5,
        1,
        2.378,
        0.5,
        2.689,
        0.353,
        3,
        0
      ]
    },
    {
      "Target": "Parameter",
      "Id": "Param17Ichika",
      "Segments": [
        0,
        0.4,
        0,
        1.533,
        -0.5,
        0,
        3,
        0.4
      ]
    },
    {
      "Target": "Parameter",
      "Id": "Param18Ichika",
      "Segments": [
        0,
        0.4,
        0,
        1.533,
        -0.5,
        0,
        3,
        0.4
      ]
    },
    {
      "Target": "Parameter",
      "Id": "Param22Ichika",
      "Segments": [
        0,
        0.071,
        1,
        0.311,
        -0.181,
        0.622,
        -0.3,
        0.933,
        -0.3,
        0,
        2.2,
        0.3,
        1,
        2.467,
        0.3,
        2.733,
        0.262,
        3,
        0.071
      ]
    },
    {
      "Target": "Parameter",
      "Id": "Param24Ichika",
      "Segments": [
        0,
        0.285,
        1,
        0.044,
        0.297,
        0.089,
        0.3,
        0.133,
        0.3,
        0,
        1.617,
        -0.4,
        1,
        2.078,
        -0.4,
        2.539,
        0.162,
        3,
        0.285
      ]
    },
    {
      "Target": "Parameter",
      "Id": "Param23Ichika",
      "Segments": [
        0,
        0.015,
        1,
        0.322,
        -0.198,
        0.645,
        -0.3,
        0.967,
        -0.3,
        0,
        2.133,
        0.3,
        1,
        2.422,
        0.3,
        2.711,
        0.209,
        3,
        0.015
      ]
    },
    {
      "Target": "Parameter",
      "Id": "Param25Ichika",
      "Segments": [
        0,
        0.482,
        1,
        0.044,
        0.497,
        0.089,
        0.5,
        0.133,
        0.5,
        0,
        1.567,
        -0.4,
        1,
        2.045,
        -0.4,
        2.522,
        0.312,
        3,
        0.482
      ]
    },
    {
      "Target": "Parameter",
      "Id": "Param19Ichika",
      "Segments": [
        0,
        0.1,
        1,
        0.306,
        -0.24,
        0.611,
        -0.4,
        0.917,
        -0.4,
        0,
        2.167,
        0.4,
        1,
        2.445,
        0.4,
        2.722,
        0.39,
        3,
        0.1
      ]
    },
    {
      "Target": "Parameter",
      "Id": "Param20Ichika",
      "Segments": [
        0,
        0.385,
        1,
        0.044,
        0.398,
        0.089,
        0.4,
        0.133,
        0.4,
        0,
        1.6,
        -0.3,
        1,
        2.067,
        -0.3,
        2.533,
        0.233,
        3,
        0.385
      ]
    },
    {
      "Target": "Parameter",
      "Id": "Param21Ichika",
      "Segments": [
        0,
        0.385,
        1,
        0.044,
        0.399,
        0.089,
        0.4,
        0.133,
        0.4,
        0,
        1.6,
        -0.3,
        1,
        2.067,
        -0.3,
        2.533,
        0.249,
        3,
        0.385
      ]
    },
    {
      "Target": "Parameter",
      "Id": "Param26Ichika",
      "Segments": [
        0,
        0,
        1,
        0.272,
        -0.193,
        0.545,
        -0.3,
        0.817,
        -0.3,
        0,
        2.167,
        0.3,
        1,
        2.445,
        0.3,
        2.722,
        0.201,
        3,
        0
      ]
    },
    {
      "Target": "Parameter",
      "Id": "Param27Ichika",
      "Segments": [
        0,
        0.4,
        0,
        1.567,
        -0.4,
        0,
        3,
        0.4
      ]
    },
    {
      "Target": "Parameter",
      "Id": "Param28Ichika",
      "Segments": [
        0,
        -0.258,
        1,
        0.078,
        -0.294,
        0.155,
        -0.3,
        0.233,
        -0.3,
        0,
        1.667,
        0.4,
        1,
        2.111,
        0.4,
        2.556,
        -0.049,
        3,
        -0.258
      ]
    },
    {
      "Target": "Parameter",
      "Id": "Param29Ichika",
      "Segments": [
        0,
        0.185,
        1,
        0.333,
        -0.071,
        0.667,
        -0.1,
        1,
        -0.1,
        0,
        2.317,
        0.5,
        1,
        2.545,
        0.5,
        2.772,
        0.361,
        3,
        0.185
      ]
    },
    {
      "Target": "Parameter",
      "Id": "Param30Ichika",
      "Segments": [
        0,
        0.207,
        1,
        0.333,
        -0.043,
        0.667,
        -0.1,
        1,
        -0.1,
        0,
        2.317,
        0.5,
        1,
        2.545,
        0.5,
        2.772,
        0.378,
        3,
        0.207
      ]
    },
    {
      "Target": "Parameter",
      "Id": "Param31Ichika",
      "Segments": [
        0,
        0.03,
        1,
        0.078,
        0.003,
        0.155,
        0,
        0.233,
        0,
        0,
        1.667,
        0.5,
        1,
        2.111,
        0.5,
        2.556,
        0.219,
        3,
        0.03
      ]
    },
    {
      "Target": "Parameter",
      "Id": "Param32Ichika",
      "Segments": [
        0,
        0.173,
        1,
        0.333,
        -0.253,
        0.667,
        -0.4,
        1,
        -0.4,
        0,
        2.317,
        0.4,
        1,
        2.545,
        0.4,
        2.772,
        0.407,
        3,
        0.173
      ]
    },
    {
      "Target": "Parameter",
      "Id": "Param10Ichika",
      "Segments": [
        0,
        0.013,
        1,
        0.05,
        0.004,
        0.1,
        0,
        0.15,
        0,
        0,
        1.567,
        0.5,
        1,
        2.045,
        0.5,
        2.522,
        0.087,
        3,
        0.013
      ]
    },
    {
      "Target": "Parameter",
      "Id": "Param11Ichika",
      "Segments": [
        0,
        0.031,
        1,
        0.3,
        -0.237,
        0.6,
        -0.4,
        0.9,
        -0.4,
        0,
        2.267,
        0.4,
        1,
        2.511,
        0.4,
        2.756,
        0.232,
        3,
        0.031
      ]
    },
    {
      "Target": "Parameter",
      "Id": "Param7Ichika",
      "Segments": [
        0,
        0,
        0,
        1.417,
        0.3,
        0,
        3,
        0
      ]
    },
    {
      "Target": "Parameter",
      "Id": "Param6Ichika",
      "Segments": [
        0,
        0,
        1,
        0.25,
        -0.472,
        0.5,
        -0.6,
        0.75,
        -0.6,
        0,
        2.117,
        0.8,
        1,
        2.411,
        0.8,
        2.706,
        0.509,
        3,
        0
      ]
    },
    {
      "Target": "Parameter",
      "Id": "Param8Ichika",
      "Segments": [
        0,
        0.6,
        0,
        1.417,
        -0.6,
        0,
        3,
        0.6
      ]
    },
    {
      "Target": "Parameter",
      "Id": "Param9Ichika",
      "Segments": [
        0,
        0.6,
        0,
        1.417,
        -0.6,
        0,
        3,
        0.6
      ]
    },
    {
      "Target": "Parameter",
      "Id": "Param12Ichika",
      "Segments": [
        0,
        0.004,
        1,
        0.022,
        0,
        0.045,
        0,
        0.067,
        0,
        0,
        1.483,
        0.7,
        1,
        1.989,
        0.7,
        2.494,
        0.09,
        3,
        0.004
      ]
    },
    {
      "Target": "Parameter",
      "Id": "Param13Ichika",
      "Segments": [
        0,
        0.008,
        1,
        0.272,
        -0.345,
        0.545,
        -0.5,
        0.817,
        -0.5,
        0,
        2.183,
        0.5,
        1,
        2.455,
        0.5,
        2.728,
        0.331,
        3,
        0.008
      ]
    },
    {
      "Target": "Parameter",
      "Id": "Param14Ichika",
      "Segments": [
        0,
        0,
        0,
        1.45,
        0.5,
        0,
        3,
        0
      ]
    },
    {
      "Target": "Parameter",
      "Id": "Param15Ichika",
      "Segments": [
        0,
        0,
        1,
        0.25,
        -0.247,
        0.5,
        -0.3,
        0.75,
        -0.3,
        0,
        2.117,
        0.5,
        1,
        2.411,
        0.5,
        2.706,
        0.309,
        3,
        0
      ]
    },
    {
      "Target": "Parameter",
      "Id": "Param3Minori",
      "Segments": [
        0,
        0,
        2,
        0.467,
        0,
        0,
        1.033,
        1,
        2,
        3,
        1
      ]
    },
    {
      "Target": "Parameter",
      "Id": "ParamMinori",
      "Segments": [
        0,
        0.098,
        2,
        0.433,
        0.098,
        1,
        0.589,
        0.098,
        0.744,
        0.043,
        0.9,
        0.03,
        1,
        1.222,
        0.003,
        1.545,
        0,
        1.867,
        0,
        2,
        3,
        0
      ]
    },
    {
      "Target": "Parameter",
      "Id": "Param7Minori",
      "Segments": [
        0,
        0,
        0,
        1.417,
        1,
        0,
        3,
        0
      ]
    },
    {
      "Target": "Parameter",
      "Id": "Param8Minori",
      "Segments": [
        0,
        0,
        1,
        0.228,
        -0.236,
        0.455,
        -0.4,
        0.683,
        -0.4,
        0,
        2.067,
        0.4,
        1,
        2.378,
        0.4,
        2.689,
        0.286,
        3,
        0
      ]
    },
    {
      "Target": "Parameter",
      "Id": "Param9Minori",
      "Segments": [
        0,
        0,
        0,
        1.417,
        0.8,
        0,
        3,
        0
      ]
    },
    {
      "Target": "Parameter",
      "Id": "Param10Minori",
      "Segments": [
        0,
        0,
        1,
        0.228,
        -0.198,
        0.455,
        -0.4,
        0.683,
        -0.4,
        0,
        2.067,
        0.4,
        1,
        2.378,
        0.4,
        2.689,
        0.27,
        3,
        0
      ]
    },
    {
      "Target": "Parameter",
      "Id": "Param11Minori",
      "Segments": [
        0,
        0.012,
        1,
        0.039,
        -0.002,
        0.078,
        0,
        0.117,
        0,
        0,
        1.533,
        0.8,
        1,
        2.022,
        0.8,
        2.511,
        0.164,
        3,
        0.012
      ]
    },
    {
      "Target": "Parameter",
      "Id": "Param12Minori",
      "Segments": [
        0,
        0.089,
        1,
        0.278,
        -0.162,
        0.555,
        -0.3,
        0.833,
        -0.3,
        0,
        2.183,
        0.4,
        1,
        2.455,
        0.4,
        2.728,
        0.303,
        3,
        0.089
      ]
    },
    {
      "Target": "Parameter",
      "Id": "Param13Minori",
      "Segments": [
        0,
        0.084,
        1,
        0.278,
        -0.215,
        0.555,
        -0.3,
        0.833,
        -0.3,
        0,
        2.183,
        0.4,
        1,
        2.455,
        0.4,
        2.728,
        0.306,
        3,
        0.084
      ]
    },
    {
      "Target": "Parameter",
      "Id": "Param14Minori",
      "Segments": [
        0,
        0.026,
        1,
        0.061,
        0,
        0.122,
        0,
        0.183,
        0,
        0,
        1.6,
        0.7,
        1,
        2.067,
        0.7,
        2.533,
        0.255,
        3,
        0.026
      ]
    },
    {
      "Target": "Parameter",
      "Id": "Param16Minori",
      "Segments": [
        0,
        0.134,
        1,
        0.3,
        -0.169,
        0.6,
        -0.4,
        0.9,
        -0.4,
        0,
        2.25,
        0.4,
        1,
        2.5,
        0.4,
        2.75,
        0.342,
        3,
        0.134
      ]
    },
    {
      "Target": "Parameter",
      "Id": "Param15Minori",
      "Segments": [
        0,
        0.011,
        1,
        0.039,
        -0.002,
        0.078,
        0,
        0.117,
        0,
        0,
        1.533,
        0.7,
        1,
        2.022,
        0.7,
        2.511,
        0.193,
        3,
        0.011
      ]
    },
    {
      "Target": "Parameter",
      "Id": "Param17Minori",
      "Segments": [
        0,
        0.086,
        1,
        0.278,
        -0.266,
        0.555,
        -0.4,
        0.833,
        -0.4,
        0,
        2.183,
        0.4,
        1,
        2.455,
        0.4,
        2.728,
        0.331,
        3,
        0.086
      ]
    },
    {
      "Target": "Parameter",
      "Id": "Param19Minori",
      "Segments": [
        0,
        0.04,
        1,
        0.083,
        0.005,
        0.167,
        0,
        0.25,
        0,
        0,
        1.667,
        0.6,
        1,
        2.111,
        0.6,
        2.556,
        0.239,
        3,
        0.04
      ]
    },
    {
      "Target": "Parameter",
      "Id": "Param20Minori",
      "Segments": [
        0,
        0.216,
        1,
        0.322,
        -0.197,
        0.645,
        -0.4,
        0.967,
        -0.4,
        0,
        2.517,
        0.406,
        1,
        2.678,
        0.406,
        2.839,
        0.36,
        3,
        0.216
      ]
    },
    {
      "Target": "Parameter",
      "Id": "Param24Minori",
      "Segments": [
        0,
        0.02,
        1,
        0.05,
        0,
        0.1,
        0,
        0.15,
        0,
        0,
        1.567,
        0.8,
        1,
        2.045,
        0.8,
        2.522,
        0.207,
        3,
        0.02
      ]
    },
    {
      "Target": "Parameter",
      "Id": "Param25Minori",
      "Segments": [
        0,
        0.159,
        1,
        0.289,
        -0.319,
        0.578,
        -0.4,
        0.867,
        -0.4,
        0,
        2.217,
        0.6,
        1,
        2.478,
        0.6,
        2.739,
        0.49,
        3,
        0.159
      ]
    },
    {
      "Target": "Parameter",
      "Id": "Param21Minori",
      "Segments": [
        0,
        0,
        1,
        0.294,
        -0.612,
        0.589,
        -1,
        0.883,
        -1,
        0,
        2.083,
        1,
        1,
        2.389,
        1,
        2.694,
        0.622,
        3,
        0
      ]
    },
    {
      "Target": "Parameter",
      "Id": "Param22Minori",
      "Segments": [
        0,
        0.4,
        0,
        1.567,
        -0.7,
        0,
        3,
        0.4
      ]
    },
    {
      "Target": "Parameter",
      "Id": "Param23Minori",
      "Segments": [
        0,
        0.4,
        0,
        1.567,
        -0.7,
        0,
        3,
        0.4
      ]
    },
    {
      "Target": "Parameter",
      "Id": "Param5Minori",
      "Segments": [
        0,
        0,
        0,
        1.467,
        0.8,
        0,
        3,
        0
      ]
    },
    {
      "Target": "Parameter",
      "Id": "Param6Minori",
      "Segments": [
        0,
        0,
        1,
        0.256,
        -0.237,
        0.511,
        -0.3,
        0.767,
        -0.3,
        0,
        2.1,
        0.4,
        1,
        2.4,
        0.4,
        2.7,
        0.237,
        3,
        0
      ]
    },
    {
      "Target": "Parameter",
      "Id": "Param26Minori",
      "Segments": [
        0,
        0,
        0,
        1.45,
        0.8,
        0,
        3,
        0
      ]
    },
    {
      "Target": "Parameter",
      "Id": "Param27Minori",
      "Segments": [
        0,
        0,
        1,
        0.256,
        -0.316,
        0.511,
        -0.4,
        0.767,
        -0.4,
        0,
        2.067,
        0.7,
        1,
        2.378,
        0.7,
        2.689,
        0.302,
        3,
        0
      ]
    },
    {
      "Target": "Parameter",
      "Id": "Param28Minori",
      "Segments": [
        0,
        0,
        1,
        0.261,
        -0.419,
        0.522,
        -0.5,
        0.783,
        -0.5,
        0,
        2.033,
        0.7,
        1,
        2.355,
        0.7,
        2.678,
        0.441,
        3,
        0
      ]
    },
    {
      "Target": "Parameter",
      "Id": "Param29Minori",
      "Segments": [
        0,
        0.4,
        0,
        1.383,
        -0.4,
        0,
        3,
        0.4
      ]
    },
    {
      "Target": "Parameter",
      "Id": "Param30Minori",
      "Segments": [
        0,
        0,
        1,
        0.261,
        -0.386,
        0.522,
        -0.5,
        0.783,
        -0.5,
        0,
        2.033,
        0.7,
        1,
        2.355,
        0.7,
        2.678,
        0.436,
        3,
        0
      ]
    },
    {
      "Target": "Parameter",
      "Id": "Param31Minori",
      "Segments": [
        0,
        0.4,
        0,
        1.383,
        -0.4,
        0,
        3,
        0.4
      ]
    },
    {
      "Target": "Parameter",
      "Id": "Param32Minori",
      "Segments": [
        0,
        0,
        1,
        0.261,
        -0.362,
        0.522,
        -0.5,
        0.783,
        -0.5,
        0,
        2.033,
        0.7,
        1,
        2.355,
        0.7,
        2.678,
        0.433,
        3,
        0
      ]
    },
    {
      "Target": "Parameter",
      "Id": "Param33Minori",
      "Segments": [
        0,
        0.4,
        0,
        1.383,
        -0.4,
        0,
        3,
        0.4
      ]
    },
    {
      "Target": "Parameter",
      "Id": "Param3Tukasa",
      "Segments": [
        0,
        0,
        2,
        0.3,
        0,
        0,
        0.9,
        1,
        2,
        3,
        1
      ]
    },
    {
      "Target": "Parameter",
      "Id": "ParamTukasa",
      "Segments": [
        0,
        0.066,
        2,
        0.267,
        0.066,
        1,
        0.422,
        0.066,
        0.578,
        0.025,
        0.733,
        0.018,
        1,
        1.111,
        0.002,
        1.489,
        0,
        1.867,
        0,
        2,
        3,
        0
      ]
    },
    {
      "Target": "Parameter",
      "Id": "Param10Tukasa",
      "Segments": [
        0,
        0.01,
        1,
        0.272,
        -0.244,
        0.545,
        -0.3,
        0.817,
        -0.3,
        0,
        2.083,
        0.5,
        1,
        2.389,
        0.5,
        2.694,
        0.23,
        3,
        0.01
      ]
    },
    {
      "Target": "Parameter",
      "Id": "Param11Tukasa",
      "Segments": [
        0,
        0.494,
        1,
        0.028,
        0.499,
        0.055,
        0.5,
        0.083,
        0.5,
        0,
        1.4,
        -0.3,
        1,
        1.933,
        -0.3,
        2.467,
        0.419,
        3,
        0.494
      ]
    },
    {
      "Target": "Parameter",
      "Id": "Param12Tukasa",
      "Segments": [
        0,
        0,
        1,
        0.244,
        -0.231,
        0.489,
        -0.3,
        0.733,
        -0.3,
        0,
        2,
        0.5,
        1,
        2.333,
        0.5,
        2.667,
        0.299,
        3,
        0
      ]
    },
    {
      "Target": "Parameter",
      "Id": "Param13Tukasa",
      "Segments": [
        0,
        0.5,
        0,
        1.317,
        -0.3,
        0,
        3,
        0.5
      ]
    },
    {
      "Target": "Parameter",
      "Id": "Param14Tukasa",
      "Segments": [
        0,
        0.019,
        1,
        0.283,
        -0.254,
        0.567,
        -0.3,
        0.85,
        -0.3,
        0,
        2.117,
        0.5,
        1,
        2.411,
        0.5,
        2.706,
        0.285,
        3,
        0.019
      ]
    },
    {
      "Target": "Parameter",
      "Id": "Param15Tukasa",
      "Segments": [
        0,
        0.192,
        1,
        0.039,
        0.198,
        0.078,
        0.2,
        0.117,
        0.2,
        0,
        1.433,
        -0.4,
        1,
        1.955,
        -0.4,
        2.478,
        0.119,
        3,
        0.192
      ]
    },
    {
      "Target": "Parameter",
      "Id": "Param16Tukasa",
      "Segments": [
        0,
        0.016,
        1,
        0.3,
        -0.425,
        0.6,
        -0.5,
        0.9,
        -0.5,
        0,
        2.1,
        0.8,
        1,
        2.4,
        0.8,
        2.7,
        0.43,
        3,
        0.016
      ]
    },
    {
      "Target": "Parameter",
      "Id": "Param18Tukasa",
      "Segments": [
        0,
        -0.003,
        1,
        0.028,
        -0.001,
        0.055,
        0,
        0.083,
        0,
        0,
        1.4,
        -0.4,
        1,
        1.933,
        -0.4,
        2.467,
        -0.035,
        3,
        -0.003
      ]
    },
    {
      "Target": "Parameter",
      "Id": "Param17Tukasa",
      "Segments": [
        0,
        0,
        1,
        0.272,
        -0.336,
        0.545,
        -0.4,
        0.817,
        -0.4,
        0,
        2.017,
        1,
        1,
        2.345,
        1,
        2.672,
        0.413,
        3,
        0
      ]
    },
    {
      "Target": "Parameter",
      "Id": "Param19Tukasa",
      "Segments": [
        0,
        1,
        0,
        1.4,
        0,
        0,
        3,
        1
      ]
    },
    {
      "Target": "Parameter",
      "Id": "Param20Tukasa",
      "Segments": [
        0,
        0.023,
        1,
        0.311,
        -0.346,
        0.622,
        -0.4,
        0.933,
        -0.4,
        0,
        2.133,
        0.6,
        1,
        2.422,
        0.6,
        2.711,
        0.318,
        3,
        0.023
      ]
    },
    {
      "Target": "Parameter",
      "Id": "Param21Tukasa",
      "Segments": [
        0,
        0.192,
        1,
        0.039,
        0.198,
        0.078,
        0.2,
        0.117,
        0.2,
        0,
        1.467,
        -0.4,
        1,
        1.978,
        -0.4,
        2.489,
        0.136,
        3,
        0.192
      ]
    },
    {
      "Target": "Parameter",
      "Id": "Param22Tukasa",
      "Segments": [
        0,
        0,
        1,
        0.272,
        -0.299,
        0.545,
        -0.4,
        0.817,
        -0.4,
        0,
        2.017,
        0.6,
        1,
        2.345,
        0.6,
        2.672,
        0.362,
        3,
        0
      ]
    },
    {
      "Target": "Parameter",
      "Id": "Param23Tukasa",
      "Segments": [
        0,
        0.3,
        0,
        1.317,
        -0.4,
        0,
        3,
        0.3
      ]
    },
    {
      "Target": "Parameter",
      "Id": "Param24Tukasa",
      "Segments": [
        0,
        0.018,
        1,
        0.333,
        -0.407,
        0.667,
        -0.5,
        1,
        -0.5,
        0,
        2.2,
        0.4,
        1,
        2.467,
        0.4,
        2.733,
        0.317,
        3,
        0.018
      ]
    },
    {
      "Target": "Parameter",
      "Id": "Param25Tukasa",
      "Segments": [
        0,
        0.184,
        1,
        0.061,
        0.196,
        0.122,
        0.2,
        0.183,
        0.2,
        0,
        1.5,
        -0.3,
        1,
        2,
        -0.3,
        2.5,
        0.087,
        3,
        0.184
      ]
    },
    {
      "Target": "Parameter",
      "Id": "Param26Tukasa",
      "Segments": [
        0,
        0.086,
        1,
        0.35,
        -0.181,
        0.7,
        -0.3,
        1.05,
        -0.3,
        0,
        2.25,
        0.6,
        1,
        2.5,
        0.6,
        2.75,
        0.311,
        3,
        0.086
      ]
    },
    {
      "Target": "Parameter",
      "Id": "Param27Tukasa",
      "Segments": [
        0,
        0.271,
        1,
        0.072,
        0.296,
        0.145,
        0.3,
        0.217,
        0.3,
        0,
        1.583,
        -0.3,
        1,
        2.055,
        -0.3,
        2.528,
        0.143,
        3,
        0.271
      ]
    },
    {
      "Target": "Parameter",
      "Id": "Param28Tukasa",
      "Segments": [
        0,
        0.122,
        1,
        0.35,
        -0.138,
        0.7,
        -0.3,
        1.05,
        -0.3,
        0,
        2.25,
        0.7,
        1,
        2.5,
        0.7,
        2.75,
        0.291,
        3,
        0.122
      ]
    },
    {
      "Target": "Parameter",
      "Id": "Param29Tukasa",
      "Segments": [
        0,
        0.271,
        1,
        0.072,
        0.296,
        0.145,
        0.3,
        0.217,
        0.3,
        0,
        1.583,
        -0.3,
        1,
        2.055,
        -0.3,
        2.528,
        0.14,
        3,
        0.271
      ]
    },
    {
      "Target": "Parameter",
      "Id": "Param8Tukasa",
      "Segments": [
        0,
        0.039,
        1,
        0.083,
        -0.001,
        0.167,
        0,
        0.25,
        0,
        0,
        1.633,
        0.6,
        1,
        2.089,
        0.6,
        2.544,
        0.282,
        3,
        0.039
      ]
    },
    {
      "Target": "Parameter",
      "Id": "Param9Tukasa",
      "Segments": [
        0,
        0.169,
        1,
        0.322,
        -0.255,
        0.645,
        -0.4,
        0.967,
        -0.4,
        0,
        2.3,
        0.4,
        1,
        2.533,
        0.4,
        2.767,
        0.401,
        3,
        0.169
      ]
    },
    {
      "Target": "Parameter",
      "Id": "Param30Tukasa",
      "Segments": [
        0,
        0,
        1,
        0.267,
        -0.275,
        0.533,
        -0.5,
        0.8,
        -0.5,
        0,
        2,
        0.3,
        1,
        2.333,
        0.3,
        2.667,
        0.292,
        3,
        0
      ]
    },
    {
      "Target": "Parameter",
      "Id": "Param31Tukasa",
      "Segments": [
        0,
        0.4,
        0,
        1.367,
        -0.4,
        0,
        3,
        0.4
      ]
    },
    {
      "Target": "Parameter",
      "Id": "Param4Tukasa",
      "Segments": [
        0,
        0,
        0,
        1.433,
        0.6,
        0,
        3,
        0
      ]
    },
    {
      "Target": "Parameter",
      "Id": "Param5Tukasa",
      "Segments": [
        0,
        0,
        1,
        0.239,
        -0.258,
        0.478,
        -0.4,
        0.717,
        -0.4,
        0,
        2.1,
        0.4,
        1,
        2.4,
        0.4,
        2.7,
        0.314,
        3,
        0
      ]
    },
    {
      "Target": "Parameter",
      "Id": "Param7Tukasa",
      "Segments": [
        0,
        0.576,
        1,
        0.044,
        0.604,
        0.089,
        0.6,
        0.133,
        0.6,
        0,
        1.55,
        -0.6,
        1,
        2.033,
        -0.6,
        2.517,
        0.273,
        3,
        0.576
      ]
    },
    {
      "Target": "Parameter",
      "Id": "Param6Tukasa",
      "Segments": [
        0,
        0.004,
        1,
        0.256,
        -0.205,
        0.511,
        -0.4,
        0.767,
        -0.4,
        0,
        2.15,
        0.4,
        1,
        2.433,
        0.4,
        2.717,
        0.24,
        3,
        0.004
      ]
    },
    {
      "Target": "Parameter",
      "Id": "Param3Kanade",
      "Segments": [
        0,
        0,
        0,
        3,
        0
      ]
    },
    {
      "Target": "Parameter",
      "Id": "Param2Kohane",
      "Segments": [
        0,
        0,
        0,
        3,
        0
      ]
    },
    {
      "Target": "Parameter",
      "Id": "Param2Miku",
      "Segments": [
        0,
        0,
        0,
        3,
        0
      ]
    },
    {
      "Target": "Parameter",
      "Id": "Param2Ichika",
      "Segments": [
        0,
        0,
        0,
        3,
        0
      ]
    },
    {
      "Target": "Parameter",
      "Id": "Param2Minori",
      "Segments": [
        0,
        0,
        0,
        3,
        0
      ]
    },
    {
      "Target": "Parameter",
      "Id": "Param4Minori",
      "Segments": [
        0,
        3,
        0,
        3,
        3
      ]
    },
    {
      "Target": "Parameter",
      "Id": "Param2Tukasa",
      "Segments": [
        0,
        0,
        0,
        3,
        0
      ]
    }
  ],
  "UserData": []
}