{
  "Version": 3,
  "FileReferences": {
    "Moc": "1styear_t05.moc3",
    "Textures": [
      "1styear_t05.4096/texture_00.png",
      "1styear_t05.4096/texture_01.png",
      "1styear_t05.4096/texture_02.png"
    ],
    "PhysicsV2": {}
  },
  "Controllers": {
    "ParamHit": {},
    "ParamLoop": {},
    "KeyTrigger": {},
    "ParamTrigger": {},
    "AreaTrigger": {},
    "HandTrigger": {},
    "EyeBlink": {
      "MinInterval": 500,
      "MaxInterval": 6000,
      "Enabled": true
    },
    "LipSync": {
      "Gain": 5.0
    },
    "MouseTracking": {
      "SmoothTime": 0.15,
      "Enabled": true
    },
    "AutoBreath": {
      "Enabled": true
    },
    "ExtraMotion": {
      "Enabled": true
    },
    "Accelerometer": {
      "Enabled": true
    },
    "Microphone": {},
    "Transform": {},
    "FaceTracking": {
      "Enabled": true
    },
    "HandTracking": {},
    "ParamValue": {},
    "PartOpacity": {},
    "ArtmeshOpacity": {},
    "ArtmeshColor": {},
    "ArtmeshCulling": {
      "DefaultMode": 0
    },
    "IntimacySystem": {}
  },
  "Options": {}
}